year,customer, pocket price , demand ,covestro,wanhua,basf,mcns,hanwha,sabic,other,vn_pp,apac_pp
2022,CASAREDO,2.52,40,40,0,0,0,0,0,0,2.36,2.15
2022,CHIYA,2.35,1100,460,300,200,100,40,0,0,2.36,2.15
2022,ELAN,2.4,740,360,0,0,180,200,0,0,2.36,2.15
2022,FAR EAST FOAM,2.23,2999,1999.45,1000,0,0,0,0,0,2.36,2.15
2022,HANG TAI,2.3,760,760,0,0,0,0,0,0,2.36,2.15
2022,HEADWAY,2.28,900,900,0,0,0,0,0,0,2.36,2.15
2022,INOAC,2.23,1240,540,40,600,0,60,0,0,2.36,2.15
2022,JIAYANG,2.69,140,40,0,0,0,0,0,100,2.36,2.15
2022,KHOI MINH,2.39,1580,780,0,300,500,0,0,0,2.36,2.15
2022,NITORI,2.42,1120,1120,0,0,0,0,0,0,2.36,2.15
2022,TAI SHENG,2.19,200,120,80,0,0,0,0,0,2.36,2.15
2022,XIN HUI,2.35,1360,580,400,300,0,0,0,80,2.36,2.15
2022,XINRUI,2.39,140,140,0,0,0,0,0,0,2.36,2.15
2022,HA THANH,2.35,160,160,0,0,0,0,0,0,2.36,2.15
2023,CASAREDO,2.11,60,60,0,0,0,0,0,0,1.98,2.03
2023,CHIYA,2.02,1520,760,340,240,140,40,0,0,1.98,2.03
2023,ELAN,2,980,600,60,0,40,280,0,0,1.98,2.03
2023,EVERGREEN,1.83,1320,40,700,420,0,160,0,0,1.98,2.03
2023,FAR EAST FOAM,1.98,6113,2600,2500,0,0,0,0,1013,1.98,2.03
2023,HANG TAI,1.96,1900,600,700,260,0,0,0,340,1.98,2.03
2023,HEADWAY,2,800,520,0,280,0,0,0,0,1.98,2.03
2023,INOAC,1.94,1400,660,0,740,0,0,0,0,1.98,2.03
2023,JIAYANG,1.92,190,140,0,0,0,0,0,50,1.98,2.03
2023,KHOI MINH,1.66,1680,780,0,200,700,0,0,0,1.98,2.03
2023,NITORI,2.06,1380,920,20,200,0,0,0,240,1.98,2.03
2023,TAI SHENG,2.08,250,80,70,80,0,20,0,0,1.98,2.03
2023,XIN HUI,2.13,1320,620,400,200,0,0,0,100,1.98,2.03
2023,XINRUI,2.08,280,180,60,40,0,0,0,0,1.98,2.03
2023,HA THANH,2.03,560,200,0,0,180,180,0,0,1.98,2.03
2024,CASAREDO,1.67,140,100,0,20,0,0,20,0,1.69,1.64
2024,CEN VIET NAM,1.61,20,20,0,0,0,0,0,0,1.69,1.64
2024,CHEMWEST,1.98,40,20,0,20,0,0,0,0,1.69,1.64
2024,CHIYA,1.66,2038,1018,580,0,300,140,0,0,1.69,1.64
2024,DAI THANH,1.65,40,20,20,0,0,0,0,0,1.69,1.64
2024,DAOHEUANG,1.77,30,20,0,0,0,0,0,10,1.69,1.64
2024,DINH VU,1.6,80,40,0,0,0,0,0,40,1.69,1.64
2024,ELAN,1.6,1120,700,60,0,200,160,0,0,1.69,1.64
2024,EVERGREEN,1.64,1580,120,140,800,0,120,0,400,1.69,1.64
2024,FAR EAST FOAM,1.71,8560,5400,2800,0,200,160,0,0,1.69,1.64
2024,HA THANH,1.7,380,340,0,0,0,40,0,0,1.69,1.64
2024,HAN LI GU,1.61,80,40,40,0,0,0,0,0,1.69,1.64
2024,HANG TAI,1.71,2660,1380,1200,80,0,0,0,0,1.69,1.64
2024,HAPPY VIEW,1.74,60,60,0,0,0,0,0,0,1.69,1.64
2024,HEADWAY,1.63,880,540,40,300,0,0,0,0,1.69,1.64
2024,HENGTONG,1.56,480,120,200,160,0,0,0,0,1.69,1.64
2024,I.H.K,1.74,140,140,0,0,0,0,0,0,1.69,1.64
2024,INOAC,1.66,1420,700,280,400,0,40,0,0,1.69,1.64
2024,JIAYANG,1.67,520,320,0,0,0,0,0,200,1.69,1.64
2024,JING THAI,1.76,220,40,100,40,0,0,0,40,1.69,1.64
2024,JM,1.59,100,60,0,40,0,0,0,0,1.69,1.64
2024,KHOI MINH,1.69,1420,820,80,0,380,0,0,140,1.69,1.64
2024,KIM VINH,1.67,80,80,0,0,0,0,0,0,1.69,1.64
2024,KPX,1.57,20,20,0,0,0,0,0,0,1.69,1.64
2024,MOUSSE NGOC,1.73,220,20,100,0,100,0,0,0,1.69,1.64
2024,NEAK POAN,1.67,900,500,400,0,0,0,0,0,1.69,1.64
2024,NITORI,1.65,1420,680,500,160,0,0,0,80,1.69,1.64
2024,PATEL,1.88,80,20,0,60,0,0,0,0,1.69,1.64
2024,CONG TY,1.77,120,60,60,0,0,0,0,0,1.69,1.64
2024,TAN THANH,1.69,320,160,60,0,100,0,0,0,1.69,1.64
2024,TECH FINE,1.68,390,240,0,0,0,0,0,150,1.69,1.64
2024,TEKCHEM,1.59,80,40,40,0,0,0,0,0,1.69,1.64
2024,TM GROW,1.62,100,60,20,0,0,0,0,20,1.69,1.64
2024,VN TAI SHENG,1.64,240,100,40,40,0,60,0,0,1.69,1.64
2024,XIN HUI,1.69,1200,300,800,100,0,0,0,0,1.69,1.64
2024,XINRUI,1.76,300,120,180,0,0,0,0,0,1.69,1.64
2025,NEAK POAN,1.57,980,600,300,0,0,0,80,0,1.48,1.25
2025,ANDAMAN,1.6,620,480,100,0,0,0,40,0,1.48,1.25
2025,CASAREDO,1.46,140,80,0,20,0,0,40,0,1.48,1.25
2025,CEN VIET NAM,1.5,40,20,0,0,0,20,0,0,1.48,1.25
2025,CHIYA,1.57,2160,1060,800,0,200,100,0,0,1.48,1.25
2025,ELAN,1.44,1450,960,140,0,200,150,0,0,1.48,1.25
2025,EVERGREEN,1.51,2940,660,940,600,0,240,500,0,1.48,1.25
2025,FAR EAST FOAM,1.47,9220,3520,4800,0,400,300,0,200,1.48,1.25
2025,HA THANH,1.44,460,280,0,0,100,80,0,0,1.48,1.25
2025,HANG TAI,1.45,2120,740,1140,240,0,0,0,0,1.48,1.25
2025,HAPPY VIEW,1.53,200,120,40,0,0,0,0,40,1.48,1.25
2025,HAN LI GU,1.69,20,20,0,0,0,0,0,0,1.48,1.25
2025,HEADWAY,1.55,420,200,0,220,0,0,0,0,1.48,1.25
2025,I.H.K,1.7,100,60,0,40,0,0,0,0,1.48,1.25
2025,INOAC,1.49,1240,340,300,600,0,0,0,0,1.48,1.25
2025,JIAYANG,1.54,160,40,0,0,0,0,0,120,1.48,1.25
2025,JM,1.45,260,160,0,80,0,0,0,20,1.48,1.25
2025,KHOI MINH,1.52,1300,780,0,0,400,0,0,120,1.48,1.25
2025,KIM VINH,1.55,220,200,0,0,0,0,20,0,1.48,1.25
2025,KMO,1.31,60,40,0,0,0,0,0,20,1.48,1.25
2025,LUCKY SNOW,1.62,180,180,0,0,0,0,0,0,1.48,1.25
2025,MOUSSE NGOC,1.54,200,60,0,0,100,0,0,40,1.48,1.25
2025,NITORI,1.5,1240,800,0,300,0,0,0,140,1.48,1.25
2025,PATEL,1.37,40,20,20,0,0,0,0,0,1.48,1.25
2025,SAM CHEM,1.59,600,320,0,280,0,0,0,0,1.48,1.25
2025,SAMSUNG POLYMER,1.47,20,20,0,0,0,0,0,0,1.48,1.25
2025,TAN THANH,1.45,40,20,0,0,20,0,0,0,1.48,1.25
2025,TECH FINE,1.57,400,220,0,0,0,0,0,180,1.48,1.25
2025,TM GROW,1.57,550,120,210,20,160,40,0,0,1.48,1.25
2025,VN TAI SHENG,1.4,120,40,40,20,0,20,0,0,1.48,1.25
2025,XIN HUI,1.51,1490,980,290,200,0,0,0,20,1.48,1.25
2025,TEKCHEM,1.44,60,40,0,0,0,0,0,20,1.48,1.25
2025,ASIA POLY,1.61,20,20,0,0,0,0,0,0,1.48,1.25
